"Problem","Solution"
"ğŸ + ğŸ = 4. Find the value of ğŸ.","ğŸ = 2."
"ğŸŒ + ğŸŒ + ğŸŒ = 15. Find the value of ğŸŒ.","ğŸŒ = 5."
"ğŸ’ - ğŸ€ = 3, and ğŸ’ + ğŸ’ = 10. Find the values of ğŸ’ and ğŸ€.","ğŸ’ = 5, ğŸ€ = 2."
"ğŸ« + ğŸ­ = 7, and ğŸ­ + ğŸ­ = 6. Find the values of ğŸ« and ğŸ­.","ğŸ« = 4, ğŸ­ = 3."
"ğŸ‡ Ã— ğŸ‡ = 16. Find the value of ğŸ‡.","ğŸ‡ = 4."
"ğŸŒŸ + ğŸŒŸ + ğŸŒŸ = 9. Find the value of ğŸŒŸ.","ğŸŒŸ = 3."
"ğŸ¶ + ğŸ± = 10, and ğŸ¶ - ğŸ± = 2. Find the values of ğŸ¶ and ğŸ±.","ğŸ¶ = 6, ğŸ± = 4."
"ğŸ» Ã— ğŸ» = 25. Find the value of ğŸ».","ğŸ» = 5."
"ğŸš— + ğŸš• = 12, and ğŸš— - ğŸš• = 4. Find the values of ğŸš— and ğŸš•.","ğŸš— = 8, ğŸš• = 4."
"ğŸ‹ + ğŸ‰ + ğŸ‰ = 13, and ğŸ‰ = 5. Find the value of ğŸ‹.","ğŸ‹ = 3."
"ğŸˆ - ğŸ = 1, and ğŸˆ + ğŸˆ = 10. Find the values of ğŸˆ and ğŸ.","ğŸˆ = 5, ğŸ = 4."
"ğŸ„ Ã— ğŸ„ = 9. Find the value of ğŸ„.","ğŸ„ = 3."
"ğŸ”” + ğŸ”” + ğŸ”” + ğŸ”” = 20. Find the value of ğŸ””.","ğŸ”” = 5."
"ğŸ• + ğŸ” = 10, and ğŸ” + ğŸ” = 8. Find the values of ğŸ• and ğŸ”.","ğŸ• = 2, ğŸ” = 4."
"ğŸ¸ + ğŸ¸ = 14, and ğŸ¸ - ğŸ· = 8. Find the values of ğŸ¸ and ğŸ·.","ğŸ¸ = 7, ğŸ· = -1."
"ğŸ  + ğŸ  + ğŸ  = 18. Find the value of ğŸ .","ğŸ  = 6."
"ğŸŒ» Ã— ğŸŒ» = 36. Find the value of ğŸŒ».","ğŸŒ» = 6."
"ğŸ¦ + ğŸ¢ = 12, and ğŸ¦ - ğŸ¢ = 4. Find the values of ğŸ¦ and ğŸ¢.","ğŸ¦ = 8, ğŸ¢ = 4."
"ğŸš² + ğŸš² + ğŸš² + ğŸš² = 24. Find the value of ğŸš².","ğŸš² = 6."
"ğŸƒ + ğŸŒ½ = 13, and ğŸƒ - ğŸŒ½ = 3. Find the values of ğŸƒ and ğŸŒ½.","ğŸƒ = 8, ğŸŒ½ = 5."
"ğŸ“š + ğŸ“š = 16. Find the value of ğŸ“š.","ğŸ“š = 8."
"ğŸ‡ Ã— ğŸ‡ = 64. Find the value of ğŸ‡.","ğŸ‡ = 8."
"ğŸŒ + ğŸŒ› = 18, and ğŸŒ - ğŸŒ› = 6. Find the values of ğŸŒ and ğŸŒ›.","ğŸŒ = 12, ğŸŒ› = 6."
"ğŸ¨ + ğŸ¨ + ğŸ¨ = 27. Find the value of ğŸ¨.","ğŸ¨ = 9."
"â˜• + ğŸª = 11, and â˜• - ğŸª = 1. Find the values of â˜• and ğŸª.","â˜• = 6, ğŸª = 5."
"ğŸŒ³ Ã— ğŸŒ³ = 49. Find the value of ğŸŒ³.","ğŸŒ³ = 7."
"ğŸ‰ + ğŸ‰ + ğŸ‰ + ğŸ‰ = 28. Find the value of ğŸ‰.","ğŸ‰ = 7."
"ğŸ + ğŸ€ = 14, and ğŸ - ğŸ€ = 2. Find the values of ğŸ and ğŸ€.","ğŸ = 8, ğŸ€ = 6."
"ğŸ“ + ğŸ“ + ğŸ“ = 21. Find the value of ğŸ“.","ğŸ“ = 7."
"ğŸ¢ Ã— ğŸ¢ = 49. Find the value of ğŸ¢.","ğŸ¢ = 7."
